record_id,name,email,country,joined_on,plan
C00021,Demo Contact 0021,contact0021@example.test,GB,2025-10-22,basic
C00022,Demo Contact 0022,contact0022@example.test,CN,2025-11-23,pro
C00023,Demo Contact 0023,contact0023@example.test,AE,2025-12-24,enterprise
C00024,Demo Contact 0024,contact0024@example.test,US,2025-01-25,basic
C00025,Demo Contact 0025,contact0025@example.test,GB,2025-02-26,pro
C00026,Demo Contact 0026,contact0026@example.test,CN,2025-03-27,enterprise
C00027,Demo Contact 0027,contact0027@example.test,AE,2025-04-28,basic
C00028,Demo Contact 0028,contact0028@example.test,US,2025-05-01,pro
C00029,Demo Contact 0029,contact0029@example.test,GB,2025-06-02,enterprise
C00030,Demo Contact 0030,contact0030@example.test,CN,2025-07-03,basic
C00031,Demo Contact 0031,contact0031@example.test,AE,2025-08-04,pro
C00032,Demo Contact 0032,contact0032@example.test,US,2025-09-05,enterprise
C00033,Demo Contact 0033,contact0033@example.test,GB,2025-10-06,basic
C00034,Demo Contact 0034,contact0034@example.test,CN,2025-11-07,pro
C00035,Demo Contact 0035,contact0035@example.test,AE,2025-12-08,enterprise
C00036,Demo Contact 0036,contact0036@example.test,US,2025-01-09,basic
C00037,Demo Contact 0037,contact0037@example.test,GB,2025-02-10,pro
C00038,Demo Contact 0038,contact0038@example.test,CN,2025-03-11,enterprise
C00039,Demo Contact 0039,contact0039@example.test,AE,2025-04-12,basic
C00040,Demo Contact 0040,contact0040@example.test,US,2025-05-13,pro
C00041,Demo Contact 0041,contact0041@example.test,GB,2025-06-14,enterprise
C00042,Demo Contact 0042,contact0042@example.test,CN,2025-07-15,basic
C00043,Demo Contact 0043,contact0043@example.test,AE,2025-08-16,pro
C00044,Demo Contact 0044,contact0044@example.test,US,2025-09-17,enterprise
C00045,Demo Contact 0045,contact0045@example.test,GB,2025-10-18,basic
C00046,Demo Contact 0046,contact0046@example.test,CN,2025-11-19,pro
C00047,Demo Contact 0047,contact0047@example.test,AE,2025-12-20,enterprise
C00048,Demo Contact 0048,contact0048@example.test,US,2025-01-21,basic
C00049,Demo Contact 0049,contact0049@example.test,GB,2025-02-22,pro
C00050,Demo Contact 0050,contact0050@example.test,CN,2025-03-23,enterprise
C00051,Demo Contact 0051,contact0051@example.test,AE,2025-04-24,basic
C00052,Demo Contact 0052,contact0052@example.test,US,2025-05-25,pro
C00053,Demo Contact 0053,contact0053@example.test,GB,2025-06-26,enterprise
C00054,Demo Contact 0054,contact0054@example.test,CN,2025-07-27,basic
C00055,Demo Contact 0055,contact0055@example.test,AE,2025-08-28,pro
C00056,Demo Contact 0056,contact0056@example.test,US,2025-09-01,enterprise
C00057,Demo Contact 0057,contact0057@example.test,GB,2025-10-02,basic
C00058,Demo Contact 0058,contact0058@example.test,CN,2025-11-03,pro
C00059,Demo Contact 0059,contact0059@example.test,AE,2025-12-04,enterprise
C00060,Demo Contact 0060,contact0060@example.test,US,2025-01-05,basic
C00061,Demo Contact 0061,contact0061@example.test,GB,2025-02-06,pro
C00062,Demo Contact 0062,contact0062@example.test,CN,2025-03-07,enterprise
C00063,Demo Contact 0063,contact0063@example.test,AE,2025-04-08,basic
C00064,Demo Contact 0064,contact0064@example.test,US,2025-05-09,pro
C00065,Demo Contact 0065,contact0065@example.test,GB,2025-06-10,enterprise
C00066,Demo Contact 0066,contact0066@example.test,CN,2025-07-11,basic
C00067,Demo Contact 0067,contact0067@example.test,AE,2025-08-12,pro
C00068,Demo Contact 0068,contact0068@example.test,US,2025-09-13,enterprise
C00069,Demo Contact 0069,contact0069@example.test,GB,2025-10-14,basic
C00070,Demo Contact 0070,contact0070@example.test,CN,2025-11-15,pro
C00071,Demo Contact 0071,contact0071@example.test,AE,2025-12-16,enterprise
C00072,Demo Contact 0072,contact0072@example.test,US,2025-01-17,basic
C00073,Demo Contact 0073,contact0073@example.test,GB,2025-02-18,pro
C00074,Demo Contact 0074,contact0074@example.test,CN,2025-03-19,enterprise
C00075,Demo Contact 0075,contact0075@example.test,AE,2025-04-20,basic
C00076,Demo Contact 0076,contact0076@example.test,US,2025-05-21,pro
C00077,Demo Contact 0077,contact0077@example.test,GB,2025-06-22,enterprise
C00078,Demo Contact 0078,contact0078@example.test,CN,2025-07-23,basic
C00079,Demo Contact 0079,contact0079@example.test,AE,2025-08-24,pro
C00080,Demo Contact 0080,contact0080@example.test,US,2025-09-25,enterprise
C00081,Demo Contact 0081,contact0081@example.test,GB,2025-10-26,basic
C00082,Demo Contact 0082,contact0082@example.test,CN,2025-11-27,pro
C00083,Demo Contact 0083,contact0083@example.test,AE,2025-12-28,enterprise
C00084,Demo Contact 0084,contact0084@example.test,US,2025-01-01,basic
C00085,Demo Contact 0085,contact0085@example.test,GB,2025-02-02,pro
C00086,Demo Contact 0086,contact0086@example.test,CN,2025-03-03,enterprise
C00087,Demo Contact 0087,contact0087@example.test,AE,2025-04-04,basic
C00088,Demo Contact 0088,contact0088@example.test,US,2025-05-05,pro
C00089,Demo Contact 0089,contact0089@example.test,GB,2025-06-06,enterprise
C00090,Demo Contact 0090,contact0090@example.test,CN,2025-07-07,basic
C00091,Demo Contact 0091,contact0091@example.test,AE,2025-08-08,pro
C00092,Demo Contact 0092,contact0092@example.test,US,2025-09-09,enterprise
C00093,Demo Contact 0093,contact0093@example.test,GB,2025-10-10,basic
C00094,Demo Contact 0094,contact0094@example.test,CN,2025-11-11,pro
C00095,Demo Contact 0095,contact0095@example.test,AE,2025-12-12,enterprise
C00096,Demo Contact 0096,contact0096@example.test,US,2025-01-13,basic
C00097,Demo Contact 0097,contact0097@example.test,GB,2025-02-14,pro
C00098,Demo Contact 0098,contact0098@example.test,CN,2025-03-15,enterprise
C00099,Demo Contact 0099,contact0099@example.test,AE,2025-04-16,basic
C00100,Demo Contact 0100,contact0100@example.test,US,2025-05-17,pro
C00101,Demo Contact 0101,contact0101@example.test,GB,2025-06-18,enterprise
C00102,Demo Contact 0102,contact0102@example.test,CN,2025-07-19,basic
C00103,Demo Contact 0103,contact0103@example.test,AE,2025-08-20,pro
C00104,Demo Contact 0104,contact0104@example.test,US,2025-09-21,enterprise
C00105,Demo Contact 0105,contact0105@example.test,GB,2025-10-22,basic
C00106,Demo Contact 0106,contact0106@example.test,CN,2025-11-23,pro
C00107,Demo Contact 0107,contact0107@example.test,AE,2025-12-24,enterprise
C00108,Demo Contact 0108,contact0108@example.test,US,2025-01-25,basic
C00109,Demo Contact 0109,contact0109@example.test,GB,2025-02-26,pro
C00110,Demo Contact 0110,contact0110@example.test,CN,2025-03-27,enterprise
C00111,Demo Contact 0111,contact0111@example.test,AE,2025-04-28,basic
C00112,Demo Contact 0112,contact0112@example.test,US,2025-05-01,pro
C00113,Demo Contact 0113,contact0113@example.test,GB,2025-06-02,enterprise
C00114,Demo Contact 0114,contact0114@example.test,CN,2025-07-03,basic
C00115,Demo Contact 0115,contact0115@example.test,AE,2025-08-04,pro
C00116,Demo Contact 0116,contact0116@example.test,US,2025-09-05,enterprise
C00117,Demo Contact 0117,contact0117@example.test,GB,2025-10-06,basic
C00118,Demo Contact 0118,contact0118@example.test,CN,2025-11-07,pro
C00119,Demo Contact 0119,contact0119@example.test,AE,2025-12-08,enterprise
C00120,Demo Contact 0120,contact0120@example.test,US,2025-01-09,basic
C00121,Demo Contact 0121,contact0121@example.test,GB,2025-02-10,pro
C00122,Demo Contact 0122,contact0122@example.test,CN,2025-03-11,enterprise
C00123,Demo Contact 0123,contact0123@example.test,AE,2025-04-12,basic
C00124,Demo Contact 0124,contact0124@example.test,US,2025-05-13,pro
C00125,Demo Contact 0125,contact0125@example.test,GB,2025-06-14,enterprise
C00126,Demo Contact 0126,contact0126@example.test,CN,2025-07-15,basic
C00127,Demo Contact 0127,contact0127@example.test,AE,2025-08-16,pro
C00128,Demo Contact 0128,contact0128@example.test,US,2025-09-17,enterprise
C00129,Demo Contact 0129,contact0129@example.test,GB,2025-10-18,basic
C00130,Demo Contact 0130,contact0130@example.test,CN,2025-11-19,pro
C00131,Demo Contact 0131,contact0131@example.test,AE,2025-12-20,enterprise
C00132,Demo Contact 0132,contact0132@example.test,US,2025-01-21,basic
C00133,Demo Contact 0133,contact0133@example.test,GB,2025-02-22,pro
C00134,Demo Contact 0134,contact0134@example.test,CN,2025-03-23,enterprise
C00135,Demo Contact 0135,contact0135@example.test,AE,2025-04-24,basic
C00136,Demo Contact 0136,contact0136@example.test,US,2025-05-25,pro
C00137,Demo Contact 0137,contact0137@example.test,GB,2025-06-26,enterprise
C00138,Demo Contact 0138,contact0138@example.test,CN,2025-07-27,basic
C00139,Demo Contact 0139,contact0139@example.test,AE,2025-08-28,pro
C00140,Demo Contact 0140,contact0140@example.test,US,2025-09-01,enterprise
C00141,Demo Contact 0141,contact0141@example.test,GB,2025-10-02,basic
C00142,Demo Contact 0142,contact0142@example.test,CN,2025-11-03,pro
C00143,Demo Contact 0143,contact0143@example.test,AE,2025-12-04,enterprise
C00144,Demo Contact 0144,contact0144@example.test,US,2025-01-05,basic
C00145,Demo Contact 0145,contact0145@example.test,GB,2025-02-06,pro
C00146,Demo Contact 0146,contact0146@example.test,CN,2025-03-07,enterprise
C00147,Demo Contact 0147,contact0147@example.test,AE,2025-04-08,basic
C00148,Demo Contact 0148,contact0148@example.test,US,2025-05-09,pro
C00149,Demo Contact 0149,contact0149@example.test,GB,2025-06-10,enterprise
C00150,Demo Contact 0150,contact0150@example.test,CN,2025-07-11,basic
C00151,Demo Contact 0151,contact0151@example.test,AE,2025-08-12,pro
C00152,Demo Contact 0152,contact0152@example.test,US,2025-09-13,enterprise
C00153,Demo Contact 0153,contact0153@example.test,GB,2025-10-14,basic
C00154,Demo Contact 0154,contact0154@example.test,CN,2025-11-15,pro
C00155,Demo Contact 0155,contact0155@example.test,AE,2025-12-16,enterprise
C00156,Demo Contact 0156,contact0156@example.test,US,2025-01-17,basic
C00157,Demo Contact 0157,contact0157@example.test,GB,2025-02-18,pro
C00158,Demo Contact 0158,contact0158@example.test,CN,2025-03-19,enterprise
C00159,Demo Contact 0159,contact0159@example.test,AE,2025-04-20,basic
C00160,Demo Contact 0160,contact0160@example.test,US,2025-05-21,pro
C00161,Demo Contact 0161,contact0161@example.test,GB,2025-06-22,enterprise
C00162,Demo Contact 0162,contact0162@example.test,CN,2025-07-23,basic
C00163,Demo Contact 0163,contact0163@example.test,AE,2025-08-24,pro
C00164,Demo Contact 0164,contact0164@example.test,US,2025-09-25,enterprise
C00165,Demo Contact 0165,contact0165@example.test,GB,2025-10-26,basic
C00166,Demo Contact 0166,contact0166@example.test,CN,2025-11-27,pro
C00167,Demo Contact 0167,contact0167@example.test,AE,2025-12-28,enterprise
C00168,Demo Contact 0168,contact0168@example.test,US,2025-01-01,basic
C00169,Demo Contact 0169,contact0169@example.test,GB,2025-02-02,pro
C00170,Demo Contact 0170,contact0170@example.test,CN,2025-03-03,enterprise
C00171,Demo Contact 0171,contact0171@example.test,AE,2025-04-04,basic
C00172,Demo Contact 0172,contact0172@example.test,US,2025-05-05,pro
C00173,Demo Contact 0173,contact0173@example.test,GB,2025-06-06,enterprise
C00174,Demo Contact 0174,contact0174@example.test,CN,2025-07-07,basic
C00175,Demo Contact 0175,contact0175@example.test,AE,2025-08-08,pro
C00176,Demo Contact 0176,contact0176@example.test,US,2025-09-09,enterprise
C00177,Demo Contact 0177,contact0177@example.test,GB,2025-10-10,basic
C00178,Demo Contact 0178,contact0178@example.test,CN,2025-11-11,pro
C00179,Demo Contact 0179,contact0179@example.test,AE,2025-12-12,enterprise
C00180,Demo Contact 0180,contact0180@example.test,US,2025-01-13,basic
C00181,Demo Contact 0181,contact0181@example.test,GB,2025-02-14,pro
C00182,Demo Contact 0182,contact0182@example.test,CN,2025-03-15,enterprise
C00183,Demo Contact 0183,contact0183@example.test,AE,2025-04-16,basic
C00184,Demo Contact 0184,contact0184@example.test,US,2025-05-17,pro
C00185,Demo Contact 0185,contact0185@example.test,GB,2025-06-18,enterprise
C00186,Demo Contact 0186,contact0186@example.test,CN,2025-07-19,basic
C00187,Demo Contact 0187,contact0187@example.test,AE,2025-08-20,pro
C00188,Demo Contact 0188,contact0188@example.test,US,2025-09-21,enterprise
C00189,Demo Contact 0189,contact0189@example.test,GB,2025-10-22,basic
C00190,Demo Contact 0190,contact0190@example.test,CN,2025-11-23,pro
C00191,Demo Contact 0191,contact0191@example.test,AE,2025-12-24,enterprise
C00192,Demo Contact 0192,contact0192@example.test,US,2025-01-25,basic
C00193,Demo Contact 0193,contact0193@example.test,GB,2025-02-26,pro
C00194,Demo Contact 0194,contact0194@example.test,CN,2025-03-27,enterprise
C00195,Demo Contact 0195,contact0195@example.test,AE,2025-04-28,basic
C00196,Demo Contact 0196,contact0196@example.test,US,2025-05-01,pro
C00197,Demo Contact 0197,contact0197@example.test,GB,2025-06-02,enterprise
C00198,Demo Contact 0198,contact0198@example.test,CN,2025-07-03,basic
C00199,Demo Contact 0199,contact0199@example.test,AE,2025-08-04,pro
C00200,Demo Contact 0200,contact0200@example.test,US,2025-09-05,enterprise
C00201,Demo Contact 0201,contact0201@example.test,GB,2025-10-06,basic
C00202,Demo Contact 0202,contact0202@example.test,CN,2025-11-07,pro
C00203,Demo Contact 0203,contact0203@example.test,AE,2025-12-08,enterprise
C00204,Demo Contact 0204,contact0204@example.test,US,2025-01-09,basic
C00205,Demo Contact 0205,contact0205@example.test,GB,2025-02-10,pro
C00206,Demo Contact 0206,contact0206@example.test,CN,2025-03-11,enterprise
C00207,Demo Contact 0207,contact0207@example.test,AE,2025-04-12,basic
C00208,Demo Contact 0208,contact0208@example.test,US,2025-05-13,pro
C00209,Demo Contact 0209,contact0209@example.test,GB,2025-06-14,enterprise
C00210,Demo Contact 0210,contact0210@example.test,CN,2025-07-15,basic
C00211,Demo Contact 0211,contact0211@example.test,AE,2025-08-16,pro
C00212,Demo Contact 0212,contact0212@example.test,US,2025-09-17,enterprise
C00213,Demo Contact 0213,contact0213@example.test,GB,2025-10-18,basic
C00214,Demo Contact 0214,contact0214@example.test,CN,2025-11-19,pro
C00215,Demo Contact 0215,contact0215@example.test,AE,2025-12-20,enterprise
C00216,Demo Contact 0216,contact0216@example.test,US,2025-01-21,basic
C00217,Demo Contact 0217,contact0217@example.test,GB,2025-02-22,pro
C00218,Demo Contact 0218,contact0218@example.test,CN,2025-03-23,enterprise
C00219,Demo Contact 0219,contact0219@example.test,AE,2025-04-24,basic
C00220,Demo Contact 0220,contact0220@example.test,US,2025-05-25,pro
C00221,Demo Contact 0221,contact0221@example.test,GB,2025-06-26,enterprise
C00222,Demo Contact 0222,contact0222@example.test,CN,2025-07-27,basic
C00223,Demo Contact 0223,contact0223@example.test,AE,2025-08-28,pro
C00224,Demo Contact 0224,contact0224@example.test,US,2025-09-01,enterprise
C00225,Demo Contact 0225,contact0225@example.test,GB,2025-10-02,basic
C00226,Demo Contact 0226,contact0226@example.test,CN,2025-11-03,pro
C00227,Demo Contact 0227,contact0227@example.test,AE,2025-12-04,enterprise
C00228,Demo Contact 0228,contact0228@example.test,US,2025-01-05,basic
C00229,Demo Contact 0229,contact0229@example.test,GB,2025-02-06,pro
C00230,Demo Contact 0230,contact0230@example.test,CN,2025-03-07,enterprise
C00231,Demo Contact 0231,contact0231@example.test,AE,2025-04-08,basic
C00232,Demo Contact 0232,contact0232@example.test,US,2025-05-09,pro
C00233,Demo Contact 0233,contact0233@example.test,GB,2025-06-10,enterprise
C00234,Demo Contact 0234,contact0234@example.test,CN,2025-07-11,basic
C00235,Demo Contact 0235,contact0235@example.test,AE,2025-08-12,pro
C00236,Demo Contact 0236,contact0236@example.test,US,2025-09-13,enterprise
C00237,Demo Contact 0237,contact0237@example.test,GB,2025-10-14,basic
C00238,Demo Contact 0238,contact0238@example.test,CN,2025-11-15,pro
C00239,Demo Contact 0239,contact0239@example.test,AE,2025-12-16,enterprise
C00240,Demo Contact 0240,contact0240@example.test,US,2025-01-17,basic
C00241,Demo Contact 0241,contact0241@example.test,GB,2025-02-18,pro
C00242,Demo Contact 0242,contact0242@example.test,CN,2025-03-19,enterprise
C00243,Demo Contact 0243,contact0243@example.test,AE,2025-04-20,basic
C00244,Demo Contact 0244,contact0244@example.test,US,2025-05-21,pro
C00245,Demo Contact 0245,contact0245@example.test,GB,2025-06-22,enterprise
C00246,Demo Contact 0246,contact0246@example.test,CN,2025-07-23,basic
C00247,Demo Contact 0247,contact0247@example.test,AE,2025-08-24,pro
C00248,Demo Contact 0248,contact0248@example.test,US,2025-09-25,enterprise
C00249,Demo Contact 0249,contact0249@example.test,GB,2025-10-26,basic
C00250,Demo Contact 0250,contact0250@example.test,CN,2025-11-27,pro
C00251,Demo Contact 0251,contact0251@example.test,AE,2025-12-28,enterprise
C00252,Demo Contact 0252,contact0252@example.test,US,2025-01-01,basic
C00253,Demo Contact 0253,contact0253@example.test,GB,2025-02-02,pro
C00254,Demo Contact 0254,contact0254@example.test,CN,2025-03-03,enterprise
C00255,Demo Contact 0255,contact0255@example.test,AE,2025-04-04,basic
C00256,Demo Contact 0256,contact0256@example.test,US,2025-05-05,pro
C00257,Demo Contact 0257,contact0257@example.test,GB,2025-06-06,enterprise
C00258,Demo Contact 0258,contact0258@example.test,CN,2025-07-07,basic
C00259,Demo Contact 0259,contact0259@example.test,AE,2025-08-08,pro
C00260,Demo Contact 0260,contact0260@example.test,US,2025-09-09,enterprise
C00261,Demo Contact 0261,contact0261@example.test,GB,2025-10-10,basic
C00262,Demo Contact 0262,contact0262@example.test,CN,2025-11-11,pro
C00263,Demo Contact 0263,contact0263@example.test,AE,2025-12-12,enterprise
C00264,Demo Contact 0264,contact0264@example.test,US,2025-01-13,basic
C00265,Demo Contact 0265,contact0265@example.test,GB,2025-02-14,pro
C00266,Demo Contact 0266,contact0266@example.test,CN,2025-03-15,enterprise
C00267,Demo Contact 0267,contact0267@example.test,AE,2025-04-16,basic
C00268,Demo Contact 0268,contact0268@example.test,US,2025-05-17,pro
C00269,Demo Contact 0269,contact0269@example.test,GB,2025-06-18,enterprise
C00270,Demo Contact 0270,contact0270@example.test,CN,2025-07-19,basic
C00271,Demo Contact 0271,contact0271@example.test,AE,2025-08-20,pro
C00272,Demo Contact 0272,contact0272@example.test,US,2025-09-21,enterprise
C00273,Demo Contact 0273,contact0273@example.test,GB,2025-10-22,basic
C00274,Demo Contact 0274,contact0274@example.test,CN,2025-11-23,pro
C00275,Demo Contact 0275,contact0275@example.test,AE,2025-12-24,enterprise
C00276,Demo Contact 0276,contact0276@example.test,US,2025-01-25,basic
C00277,Demo Contact 0277,contact0277@example.test,GB,2025-02-26,pro
C00278,Demo Contact 0278,contact0278@example.test,CN,2025-03-27,enterprise
C00279,Demo Contact 0279,contact0279@example.test,AE,2025-04-28,basic
C00280,Demo Contact 0280,contact0280@example.test,US,2025-05-01,pro
C00281,Demo Contact 0281,contact0281@example.test,GB,2025-06-02,enterprise
C00282,Demo Contact 0282,contact0282@example.test,CN,2025-07-03,basic
C00283,Demo Contact 0283,contact0283@example.test,AE,2025-08-04,pro
C00284,Demo Contact 0284,contact0284@example.test,US,2025-09-05,enterprise
C00285,Demo Contact 0285,contact0285@example.test,GB,2025-10-06,basic
C00286,Demo Contact 0286,contact0286@example.test,CN,2025-11-07,pro
C00287,Demo Contact 0287,contact0287@example.test,AE,2025-12-08,enterprise
C00288,Demo Contact 0288,contact0288@example.test,US,2025-01-09,basic
C00289,Demo Contact 0289,contact0289@example.test,GB,2025-02-10,pro
C00290,Demo Contact 0290,contact0290@example.test,CN,2025-03-11,enterprise
C00291,Demo Contact 0291,contact0291@example.test,AE,2025-04-12,basic
C00292,Demo Contact 0292,contact0292@example.test,US,2025-05-13,pro
C00293,Demo Contact 0293,contact0293@example.test,GB,2025-06-14,enterprise
C00294,Demo Contact 0294,contact0294@example.test,CN,2025-07-15,basic
C00295,Demo Contact 0295,contact0295@example.test,AE,2025-08-16,pro
C00296,Demo Contact 0296,contact0296@example.test,US,2025-09-17,enterprise
C00297,Demo Contact 0297,contact0297@example.test,GB,2025-10-18,basic
C00298,Demo Contact 0298,contact0298@example.test,CN,2025-11-19,pro
C00299,Demo Contact 0299,contact0299@example.test,AE,2025-12-20,enterprise
C00300,Demo Contact 0300,contact0300@example.test,US,2025-01-21,basic
C00301,Demo Contact 0301,contact0301@example.test,GB,2025-02-22,pro
C00302,Demo Contact 0302,contact0302@example.test,CN,2025-03-23,enterprise
C00303,Demo Contact 0303,contact0303@example.test,AE,2025-04-24,basic
C00304,Demo Contact 0304,contact0304@example.test,US,2025-05-25,pro
C00305,Demo Contact 0305,contact0305@example.test,GB,2025-06-26,enterprise
C00306,Demo Contact 0306,contact0306@example.test,CN,2025-07-27,basic
C00307,Demo Contact 0307,contact0307@example.test,AE,2025-08-28,pro
C00308,Demo Contact 0308,contact0308@example.test,US,2025-09-01,enterprise
C00309,Demo Contact 0309,contact0309@example.test,GB,2025-10-02,basic
C00310,Demo Contact 0310,contact0310@example.test,CN,2025-11-03,pro
C00311,Demo Contact 0311,contact0311@example.test,AE,2025-12-04,enterprise
C00312,Demo Contact 0312,contact0312@example.test,US,2025-01-05,basic
C00313,Demo Contact 0313,contact0313@example.test,GB,2025-02-06,pro
C00314,Demo Contact 0314,contact0314@example.test,CN,2025-03-07,enterprise
C00315,Demo Contact 0315,contact0315@example.test,AE,2025-04-08,basic
C00316,Demo Contact 0316,contact0316@example.test,US,2025-05-09,pro
C00317,Demo Contact 0317,contact0317@example.test,GB,2025-06-10,enterprise
C00318,Demo Contact 0318,contact0318@example.test,CN,2025-07-11,basic
C00319,Demo Contact 0319,contact0319@example.test,AE,2025-08-12,pro
C00320,Demo Contact 0320,contact0320@example.test,US,2025-09-13,enterprise
C00321,Demo Contact 0321,contact0321@example.test,GB,2025-10-14,basic
C00322,Demo Contact 0322,contact0322@example.test,CN,2025-11-15,pro
C00323,Demo Contact 0323,contact0323@example.test,AE,2025-12-16,enterprise
C00324,Demo Contact 0324,contact0324@example.test,US,2025-01-17,basic
C00325,Demo Contact 0325,contact0325@example.test,GB,2025-02-18,pro
C00326,Demo Contact 0326,contact0326@example.test,CN,2025-03-19,enterprise
C00327,Demo Contact 0327,contact0327@example.test,AE,2025-04-20,basic
C00328,Demo Contact 0328,contact0328@example.test,US,2025-05-21,pro
C00329,Demo Contact 0329,contact0329@example.test,GB,2025-06-22,enterprise
C00330,Demo Contact 0330,contact0330@example.test,CN,2025-07-23,basic
C00331,Demo Contact 0331,contact0331@example.test,AE,2025-08-24,pro
C00332,Demo Contact 0332,contact0332@example.test,US,2025-09-25,enterprise
C00333,Demo Contact 0333,contact0333@example.test,GB,2025-10-26,basic
C00334,Demo Contact 0334,contact0334@example.test,CN,2025-11-27,pro
C00335,Demo Contact 0335,contact0335@example.test,AE,2025-12-28,enterprise
C00336,Demo Contact 0336,contact0336@example.test,US,2025-01-01,basic
C00337,Demo Contact 0337,contact0337@example.test,GB,2025-02-02,pro
C00338,Demo Contact 0338,contact0338@example.test,CN,2025-03-03,enterprise
C00339,Demo Contact 0339,contact0339@example.test,AE,2025-04-04,basic
C00340,Demo Contact 0340,contact0340@example.test,US,2025-05-05,pro
C00341,Demo Contact 0341,contact0341@example.test,GB,2025-06-06,enterprise
C00342,Demo Contact 0342,contact0342@example.test,CN,2025-07-07,basic
C00343,Demo Contact 0343,contact0343@example.test,AE,2025-08-08,pro
C00344,Demo Contact 0344,contact0344@example.test,US,2025-09-09,enterprise
C00345,Demo Contact 0345,contact0345@example.test,GB,2025-10-10,basic
C00346,Demo Contact 0346,contact0346@example.test,CN,2025-11-11,pro
C00347,Demo Contact 0347,contact0347@example.test,AE,2025-12-12,enterprise
C00348,Demo Contact 0348,contact0348@example.test,US,2025-01-13,basic
C00349,Demo Contact 0349,contact0349@example.test,GB,2025-02-14,pro
C00350,Demo Contact 0350,contact0350@example.test,CN,2025-03-15,enterprise
C00351,Demo Contact 0351,contact0351@example.test,AE,2025-04-16,basic
C00352,Demo Contact 0352,contact0352@example.test,US,2025-05-17,pro
C00353,Demo Contact 0353,contact0353@example.test,GB,2025-06-18,enterprise
C00354,Demo Contact 0354,contact0354@example.test,CN,2025-07-19,basic
C00355,Demo Contact 0355,contact0355@example.test,AE,2025-08-20,pro
C00356,Demo Contact 0356,contact0356@example.test,US,2025-09-21,enterprise
C00357,Demo Contact 0357,contact0357@example.test,GB,2025-10-22,basic
C00358,Demo Contact 0358,contact0358@example.test,CN,2025-11-23,pro
C00359,Demo Contact 0359,contact0359@example.test,AE,2025-12-24,enterprise
C00360,Demo Contact 0360,contact0360@example.test,US,2025-01-25,basic
C00361,Demo Contact 0361,contact0361@example.test,GB,2025-02-26,pro
C00362,Demo Contact 0362,contact0362@example.test,CN,2025-03-27,enterprise
C00363,Demo Contact 0363,contact0363@example.test,AE,2025-04-28,basic
C00364,Demo Contact 0364,contact0364@example.test,US,2025-05-01,pro
C00365,Demo Contact 0365,contact0365@example.test,GB,2025-06-02,enterprise
C00366,Demo Contact 0366,contact0366@example.test,CN,2025-07-03,basic
C00367,Demo Contact 0367,contact0367@example.test,AE,2025-08-04,pro
C00368,Demo Contact 0368,contact0368@example.test,US,2025-09-05,enterprise
C00369,Demo Contact 0369,contact0369@example.test,GB,2025-10-06,basic
C00370,Demo Contact 0370,contact0370@example.test,CN,2025-11-07,pro
C00371,Demo Contact 0371,contact0371@example.test,AE,2025-12-08,enterprise
C00372,Demo Contact 0372,contact0372@example.test,US,2025-01-09,basic
C00373,Demo Contact 0373,contact0373@example.test,GB,2025-02-10,pro
C00374,Demo Contact 0374,contact0374@example.test,CN,2025-03-11,enterprise
C00375,Demo Contact 0375,contact0375@example.test,AE,2025-04-12,basic
C00376,Demo Contact 0376,contact0376@example.test,US,2025-05-13,pro
C00377,Demo Contact 0377,contact0377@example.test,GB,2025-06-14,enterprise
C00378,Demo Contact 0378,contact0378@example.test,CN,2025-07-15,basic
C00379,Demo Contact 0379,contact0379@example.test,AE,2025-08-16,pro
C00380,Demo Contact 0380,contact0380@example.test,US,2025-09-17,enterprise
C00381,Demo Contact 0381,contact0381@example.test,GB,2025-10-18,basic
C00382,Demo Contact 0382,contact0382@example.test,CN,2025-11-19,pro
C00383,Demo Contact 0383,contact0383@example.test,AE,2025-12-20,enterprise
C00384,Demo Contact 0384,contact0384@example.test,US,2025-01-21,basic
C00385,Demo Contact 0385,contact0385@example.test,GB,2025-02-22,pro
C00386,Demo Contact 0386,contact0386@example.test,CN,2025-03-23,enterprise
C00387,Demo Contact 0387,contact0387@example.test,AE,2025-04-24,basic
C00388,Demo Contact 0388,contact0388@example.test,US,2025-05-25,pro
C00389,Demo Contact 0389,contact0389@example.test,GB,2025-06-26,enterprise
C00390,Demo Contact 0390,contact0390@example.test,CN,2025-07-27,basic
C00391,Demo Contact 0391,contact0391@example.test,AE,2025-08-28,pro
C00392,Demo Contact 0392,contact0392@example.test,US,2025-09-01,enterprise
C00393,Demo Contact 0393,contact0393@example.test,GB,2025-10-02,basic
C00394,Demo Contact 0394,contact0394@example.test,CN,2025-11-03,pro
C00395,Demo Contact 0395,contact0395@example.test,AE,2025-12-04,enterprise
C00396,Demo Contact 0396,contact0396@example.test,US,2025-01-05,basic
C00397,Demo Contact 0397,contact0397@example.test,GB,2025-02-06,pro
C00398,Demo Contact 0398,contact0398@example.test,CN,2025-03-07,enterprise
C00399,Demo Contact 0399,contact0399@example.test,AE,2025-04-08,basic
C00400,Demo Contact 0400,contact0400@example.test,US,2025-05-09,pro
C00401,Demo Contact 0401,contact0401@example.test,GB,2025-06-10,enterprise
C00402,Demo Contact 0402,contact0402@example.test,CN,2025-07-11,basic
C00403,Demo Contact 0403,contact0403@example.test,AE,2025-08-12,pro
C00404,Demo Contact 0404,contact0404@example.test,US,2025-09-13,enterprise
C00405,Demo Contact 0405,contact0405@example.test,GB,2025-10-14,basic
C00406,Demo Contact 0406,contact0406@example.test,CN,2025-11-15,pro
C00407,Demo Contact 0407,contact0407@example.test,AE,2025-12-16,enterprise
C00408,Demo Contact 0408,contact0408@example.test,US,2025-01-17,basic
C00409,Demo Contact 0409,contact0409@example.test,GB,2025-02-18,pro
C00410,Demo Contact 0410,contact0410@example.test,CN,2025-03-19,enterprise
C00411,Demo Contact 0411,contact0411@example.test,AE,2025-04-20,basic
C00412,Demo Contact 0412,contact0412@example.test,US,2025-05-21,pro
C00413,Demo Contact 0413,contact0413@example.test,GB,2025-06-22,enterprise
C00414,Demo Contact 0414,contact0414@example.test,CN,2025-07-23,basic
C00415,Demo Contact 0415,contact0415@example.test,AE,2025-08-24,pro
C00416,Demo Contact 0416,contact0416@example.test,US,2025-09-25,enterprise
C00417,Demo Contact 0417,contact0417@example.test,GB,2025-10-26,basic
C00418,Demo Contact 0418,contact0418@example.test,CN,2025-11-27,pro
C00419,Demo Contact 0419,contact0419@example.test,AE,2025-12-28,enterprise
C00420,Demo Contact 0420,contact0420@example.test,US,2025-01-01,basic
C00421,Demo Contact 0421,contact0421@example.test,GB,2025-02-02,pro
C00422,Demo Contact 0422,contact0422@example.test,CN,2025-03-03,enterprise
C00423,Demo Contact 0423,contact0423@example.test,AE,2025-04-04,basic
C00424,Demo Contact 0424,contact0424@example.test,US,2025-05-05,pro
C00425,Demo Contact 0425,contact0425@example.test,GB,2025-06-06,enterprise
C00426,Demo Contact 0426,contact0426@example.test,CN,2025-07-07,basic
C00427,Demo Contact 0427,contact0427@example.test,AE,2025-08-08,pro
C00428,Demo Contact 0428,contact0428@example.test,US,2025-09-09,enterprise
C00429,Demo Contact 0429,contact0429@example.test,GB,2025-10-10,basic
C00430,Demo Contact 0430,contact0430@example.test,CN,2025-11-11,pro
C00431,Demo Contact 0431,contact0431@example.test,AE,2025-12-12,enterprise
C00432,Demo Contact 0432,contact0432@example.test,US,2025-01-13,basic
C00433,Demo Contact 0433,contact0433@example.test,GB,2025-02-14,pro
C00434,Demo Contact 0434,contact0434@example.test,CN,2025-03-15,enterprise
C00435,Demo Contact 0435,contact0435@example.test,AE,2025-04-16,basic
C00436,Demo Contact 0436,contact0436@example.test,US,2025-05-17,pro
C00437,Demo Contact 0437,contact0437@example.test,GB,2025-06-18,enterprise
C00438,Demo Contact 0438,contact0438@example.test,CN,2025-07-19,basic
C00439,Demo Contact 0439,contact0439@example.test,AE,2025-08-20,pro
C00440,Demo Contact 0440,contact0440@example.test,US,2025-09-21,enterprise
C00441,Demo Contact 0441,contact0441@example.test,GB,2025-10-22,basic
C00442,Demo Contact 0442,contact0442@example.test,CN,2025-11-23,pro
C00443,Demo Contact 0443,contact0443@example.test,AE,2025-12-24,enterprise
C00444,Demo Contact 0444,contact0444@example.test,US,2025-01-25,basic
C00445,Demo Contact 0445,contact0445@example.test,GB,2025-02-26,pro
C00446,Demo Contact 0446,contact0446@example.test,CN,2025-03-27,enterprise
C00447,Demo Contact 0447,contact0447@example.test,AE,2025-04-28,basic
C00448,Demo Contact 0448,contact0448@example.test,US,2025-05-01,pro
C00449,Demo Contact 0449,contact0449@example.test,GB,2025-06-02,enterprise
C00450,Demo Contact 0450,contact0450@example.test,CN,2025-07-03,basic
C00451,Demo Contact 0451,contact0451@example.test,AE,2025-08-04,pro
C00452,Demo Contact 0452,contact0452@example.test,US,2025-09-05,enterprise
C00453,Demo Contact 0453,contact0453@example.test,GB,2025-10-06,basic
C00454,Demo Contact 0454,contact0454@example.test,CN,2025-11-07,pro
C00455,Demo Contact 0455,contact0455@example.test,AE,2025-12-08,enterprise
C00456,Demo Contact 0456,contact0456@example.test,US,2025-01-09,basic
C00457,Demo Contact 0457,contact0457@example.test,GB,2025-02-10,pro
C00458,Demo Contact 0458,contact0458@example.test,CN,2025-03-11,enterprise
C00459,Demo Contact 0459,contact0459@example.test,AE,2025-04-12,basic
C00460,Demo Contact 0460,contact0460@example.test,US,2025-05-13,pro
C00461,Demo Contact 0461,contact0461@example.test,GB,2025-06-14,enterprise
C00462,Demo Contact 0462,contact0462@example.test,CN,2025-07-15,basic
C00463,Demo Contact 0463,contact0463@example.test,AE,2025-08-16,pro
C00464,Demo Contact 0464,contact0464@example.test,US,2025-09-17,enterprise
C00465,Demo Contact 0465,contact0465@example.test,GB,2025-10-18,basic
C00466,Demo Contact 0466,contact0466@example.test,CN,2025-11-19,pro
C00467,Demo Contact 0467,contact0467@example.test,AE,2025-12-20,enterprise
C00468,Demo Contact 0468,contact0468@example.test,US,2025-01-21,basic
C00469,Demo Contact 0469,contact0469@example.test,GB,2025-02-22,pro
C00470,Demo Contact 0470,contact0470@example.test,CN,2025-03-23,enterprise
C00471,Demo Contact 0471,contact0471@example.test,AE,2025-04-24,basic
C00472,Demo Contact 0472,contact0472@example.test,US,2025-05-25,pro
C00473,Demo Contact 0473,contact0473@example.test,GB,2025-06-26,enterprise
C00474,Demo Contact 0474,contact0474@example.test,CN,2025-07-27,basic
C00475,Demo Contact 0475,contact0475@example.test,AE,2025-08-28,pro
C00476,Demo Contact 0476,contact0476@example.test,US,2025-09-01,enterprise
C00477,Demo Contact 0477,contact0477@example.test,GB,2025-10-02,basic
C00478,Demo Contact 0478,contact0478@example.test,CN,2025-11-03,pro
C00479,Demo Contact 0479,contact0479@example.test,AE,2025-12-04,enterprise
C00480,Demo Contact 0480,contact0480@example.test,US,2025-01-05,basic
C00481,Demo Contact 0481,contact0481@example.test,GB,2025-02-06,pro
C00482,Demo Contact 0482,contact0482@example.test,CN,2025-03-07,enterprise
C00483,Demo Contact 0483,contact0483@example.test,AE,2025-04-08,basic
C00484,Demo Contact 0484,contact0484@example.test,US,2025-05-09,pro
C00485,Demo Contact 0485,contact0485@example.test,GB,2025-06-10,enterprise
C00486,Demo Contact 0486,contact0486@example.test,CN,2025-07-11,basic
C00487,Demo Contact 0487,contact0487@example.test,AE,2025-08-12,pro
C00488,Demo Contact 0488,contact0488@example.test,US,2025-09-13,enterprise
C00489,Demo Contact 0489,contact0489@example.test,GB,2025-10-14,basic
C00490,Demo Contact 0490,contact0490@example.test,CN,2025-11-15,pro
C00491,Demo Contact 0491,contact0491@example.test,AE,2025-12-16,enterprise
C00492,Demo Contact 0492,contact0492@example.test,US,2025-01-17,basic
C00493,Demo Contact 0493,contact0493@example.test,GB,2025-02-18,pro
C00494,Demo Contact 0494,contact0494@example.test,CN,2025-03-19,enterprise
C00495,Demo Contact 0495,contact0495@example.test,AE,2025-04-20,basic
C00496,Demo Contact 0496,contact0496@example.test,US,2025-05-21,pro
C00497,Demo Contact 0497,contact0497@example.test,GB,2025-06-22,enterprise
C00498,Demo Contact 0498,contact0498@example.test,CN,2025-07-23,basic
C00499,Demo Contact 0499,contact0499@example.test,AE,2025-08-24,pro
C00500,Demo Contact 0500,contact0500@example.test,US,2025-09-25,enterprise
C00501,Demo Contact 0501,contact0501@example.test,GB,2025-10-26,basic
C00502,Demo Contact 0502,contact0502@example.test,CN,2025-11-27,pro
C00503,Demo Contact 0503,contact0503@example.test,AE,2025-12-28,enterprise
C00504,Demo Contact 0504,contact0504@example.test,US,2025-01-01,basic
C00505,Demo Contact 0505,contact0505@example.test,GB,2025-02-02,pro
C00506,Demo Contact 0506,contact0506@example.test,CN,2025-03-03,enterprise
C00507,Demo Contact 0507,contact0507@example.test,AE,2025-04-04,basic
C00508,Demo Contact 0508,contact0508@example.test,US,2025-05-05,pro
C00509,Demo Contact 0509,contact0509@example.test,GB,2025-06-06,enterprise
C00510,Demo Contact 0510,contact0510@example.test,CN,2025-07-07,basic
C00511,Demo Contact 0511,contact0511@example.test,AE,2025-08-08,pro
C00512,Demo Contact 0512,contact0512@example.test,US,2025-09-09,enterprise
C00513,Demo Contact 0513,contact0513@example.test,GB,2025-10-10,basic
C00514,Demo Contact 0514,contact0514@example.test,CN,2025-11-11,pro
C00515,Demo Contact 0515,contact0515@example.test,AE,2025-12-12,enterprise
C00516,Demo Contact 0516,contact0516@example.test,US,2025-01-13,basic
C00517,Demo Contact 0517,contact0517@example.test,GB,2025-02-14,pro
C00518,Demo Contact 0518,contact0518@example.test,CN,2025-03-15,enterprise
C00519,Demo Contact 0519,contact0519@example.test,AE,2025-04-16,basic
C00520,Demo Contact 0520,contact0520@example.test,US,2025-05-17,pro
C00521,Demo Contact 0521,contact0521@example.test,GB,2025-06-18,enterprise
C00522,Demo Contact 0522,contact0522@example.test,CN,2025-07-19,basic
C00523,Demo Contact 0523,contact0523@example.test,AE,2025-08-20,pro
C00524,Demo Contact 0524,contact0524@example.test,US,2025-09-21,enterprise
C00525,Demo Contact 0525,contact0525@example.test,GB,2025-10-22,basic
C00526,Demo Contact 0526,contact0526@example.test,CN,2025-11-23,pro
C00527,Demo Contact 0527,contact0527@example.test,AE,2025-12-24,enterprise
C00528,Demo Contact 0528,contact0528@example.test,US,2025-01-25,basic
C00529,Demo Contact 0529,contact0529@example.test,GB,2025-02-26,pro
C00530,Demo Contact 0530,contact0530@example.test,CN,2025-03-27,enterprise
C00531,Demo Contact 0531,contact0531@example.test,AE,2025-04-28,basic
C00532,Demo Contact 0532,contact0532@example.test,US,2025-05-01,pro
C00533,Demo Contact 0533,contact0533@example.test,GB,2025-06-02,enterprise
C00534,Demo Contact 0534,contact0534@example.test,CN,2025-07-03,basic
C00535,Demo Contact 0535,contact0535@example.test,AE,2025-08-04,pro
C00536,Demo Contact 0536,contact0536@example.test,US,2025-09-05,enterprise
C00537,Demo Contact 0537,contact0537@example.test,GB,2025-10-06,basic
C00538,Demo Contact 0538,contact0538@example.test,CN,2025-11-07,pro
C00539,Demo Contact 0539,contact0539@example.test,AE,2025-12-08,enterprise
C00540,Demo Contact 0540,contact0540@example.test,US,2025-01-09,basic
C00541,Demo Contact 0541,contact0541@example.test,GB,2025-02-10,pro
C00542,Demo Contact 0542,contact0542@example.test,CN,2025-03-11,enterprise
C00543,Demo Contact 0543,contact0543@example.test,AE,2025-04-12,basic
C00544,Demo Contact 0544,contact0544@example.test,US,2025-05-13,pro
C00545,Demo Contact 0545,contact0545@example.test,GB,2025-06-14,enterprise
C00546,Demo Contact 0546,contact0546@example.test,CN,2025-07-15,basic
C00547,Demo Contact 0547,contact0547@example.test,AE,2025-08-16,pro
C00548,Demo Contact 0548,contact0548@example.test,US,2025-09-17,enterprise
C00549,Demo Contact 0549,contact0549@example.test,GB,2025-10-18,basic
C00550,Demo Contact 0550,contact0550@example.test,CN,2025-11-19,pro
C00551,Demo Contact 0551,contact0551@example.test,AE,2025-12-20,enterprise
C00552,Demo Contact 0552,contact0552@example.test,US,2025-01-21,basic
C00553,Demo Contact 0553,contact0553@example.test,GB,2025-02-22,pro
C00554,Demo Contact 0554,contact0554@example.test,CN,2025-03-23,enterprise
C00555,Demo Contact 0555,contact0555@example.test,AE,2025-04-24,basic
C00556,Demo Contact 0556,contact0556@example.test,US,2025-05-25,pro
C00557,Demo Contact 0557,contact0557@example.test,GB,2025-06-26,enterprise
C00558,Demo Contact 0558,contact0558@example.test,CN,2025-07-27,basic
C00559,Demo Contact 0559,contact0559@example.test,AE,2025-08-28,pro
C00560,Demo Contact 0560,contact0560@example.test,US,2025-09-01,enterprise
C00561,Demo Contact 0561,contact0561@example.test,GB,2025-10-02,basic
C00562,Demo Contact 0562,contact0562@example.test,CN,2025-11-03,pro
C00563,Demo Contact 0563,contact0563@example.test,AE,2025-12-04,enterprise
C00564,Demo Contact 0564,contact0564@example.test,US,2025-01-05,basic
C00565,Demo Contact 0565,contact0565@example.test,GB,2025-02-06,pro
C00566,Demo Contact 0566,contact0566@example.test,CN,2025-03-07,enterprise
C00567,Demo Contact 0567,contact0567@example.test,AE,2025-04-08,basic
C00568,Demo Contact 0568,contact0568@example.test,US,2025-05-09,pro
C00569,Demo Contact 0569,contact0569@example.test,GB,2025-06-10,enterprise
C00570,Demo Contact 0570,contact0570@example.test,CN,2025-07-11,basic
C00571,Demo Contact 0571,contact0571@example.test,AE,2025-08-12,pro
C00572,Demo Contact 0572,contact0572@example.test,US,2025-09-13,enterprise
C00573,Demo Contact 0573,contact0573@example.test,GB,2025-10-14,basic
C00574,Demo Contact 0574,contact0574@example.test,CN,2025-11-15,pro
C00575,Demo Contact 0575,contact0575@example.test,AE,2025-12-16,enterprise
C00576,Demo Contact 0576,contact0576@example.test,US,2025-01-17,basic
C00577,Demo Contact 0577,contact0577@example.test,GB,2025-02-18,pro
C00578,Demo Contact 0578,contact0578@example.test,CN,2025-03-19,enterprise
C00579,Demo Contact 0579,contact0579@example.test,AE,2025-04-20,basic
C00580,Demo Contact 0580,contact0580@example.test,US,2025-05-21,pro
C00581,Demo Contact 0581,contact0581@example.test,GB,2025-06-22,enterprise
C00582,Demo Contact 0582,contact0582@example.test,CN,2025-07-23,basic
C00583,Demo Contact 0583,contact0583@example.test,AE,2025-08-24,pro
C00584,Demo Contact 0584,contact0584@example.test,US,2025-09-25,enterprise
C00585,Demo Contact 0585,contact0585@example.test,GB,2025-10-26,basic
C00586,Demo Contact 0586,contact0586@example.test,CN,2025-11-27,pro
C00587,Demo Contact 0587,contact0587@example.test,AE,2025-12-28,enterprise
C00588,Demo Contact 0588,contact0588@example.test,US,2025-01-01,basic
C00589,Demo Contact 0589,contact0589@example.test,GB,2025-02-02,pro
C00590,Demo Contact 0590,contact0590@example.test,CN,2025-03-03,enterprise
C00591,Demo Contact 0591,contact0591@example.test,AE,2025-04-04,basic
C00592,Demo Contact 0592,contact0592@example.test,US,2025-05-05,pro
C00593,Demo Contact 0593,contact0593@example.test,GB,2025-06-06,enterprise
C00594,Demo Contact 0594,contact0594@example.test,CN,2025-07-07,basic
C00595,Demo Contact 0595,contact0595@example.test,AE,2025-08-08,pro
C00596,Demo Contact 0596,contact0596@example.test,US,2025-09-09,enterprise
C00597,Demo Contact 0597,contact0597@example.test,GB,2025-10-10,basic
C00598,Demo Contact 0598,contact0598@example.test,CN,2025-11-11,pro
C00599,Demo Contact 0599,contact0599@example.test,AE,2025-12-12,enterprise
C00600,Demo Contact 0600,contact0600@example.test,US,2025-01-13,basic
C00601,Demo Contact 0601,contact0601@example.test,GB,2025-02-14,pro
C00602,Demo Contact 0602,contact0602@example.test,CN,2025-03-15,enterprise
C00603,Demo Contact 0603,contact0603@example.test,AE,2025-04-16,basic
C00604,Demo Contact 0604,contact0604@example.test,US,2025-05-17,pro
C00605,Demo Contact 0605,contact0605@example.test,GB,2025-06-18,enterprise
C00606,Demo Contact 0606,contact0606@example.test,CN,2025-07-19,basic
C00607,Demo Contact 0607,contact0607@example.test,AE,2025-08-20,pro
C00608,Demo Contact 0608,contact0608@example.test,US,2025-09-21,enterprise
C00609,Demo Contact 0609,contact0609@example.test,GB,2025-10-22,basic
C00610,Demo Contact 0610,contact0610@example.test,CN,2025-11-23,pro
C00611,Demo Contact 0611,contact0611@example.test,AE,2025-12-24,enterprise
C00612,Demo Contact 0612,contact0612@example.test,US,2025-01-25,basic
C00613,Demo Contact 0613,contact0613@example.test,GB,2025-02-26,pro
C00614,Demo Contact 0614,contact0614@example.test,CN,2025-03-27,enterprise
C00615,Demo Contact 0615,contact0615@example.test,AE,2025-04-28,basic
C00616,Demo Contact 0616,contact0616@example.test,US,2025-05-01,pro
C00617,Demo Contact 0617,contact0617@example.test,GB,2025-06-02,enterprise
C00618,Demo Contact 0618,contact0618@example.test,CN,2025-07-03,basic
C00619,Demo Contact 0619,contact0619@example.test,AE,2025-08-04,pro
C00620,Demo Contact 0620,contact0620@example.test,US,2025-09-05,enterprise
C00621,Demo Contact 0621,contact0621@example.test,GB,2025-10-06,basic
C00622,Demo Contact 0622,contact0622@example.test,CN,2025-11-07,pro
C00623,Demo Contact 0623,contact0623@example.test,AE,2025-12-08,enterprise
C00624,Demo Contact 0624,contact0624@example.test,US,2025-01-09,basic
C00625,Demo Contact 0625,contact0625@example.test,GB,2025-02-10,pro
C00626,Demo Contact 0626,contact0626@example.test,CN,2025-03-11,enterprise
C00627,Demo Contact 0627,contact0627@example.test,AE,2025-04-12,basic
C00628,Demo Contact 0628,contact0628@example.test,US,2025-05-13,pro
C00629,Demo Contact 0629,contact0629@example.test,GB,2025-06-14,enterprise
C00630,Demo Contact 0630,contact0630@example.test,CN,2025-07-15,basic
C00631,Demo Contact 0631,contact0631@example.test,AE,2025-08-16,pro
C00632,Demo Contact 0632,contact0632@example.test,US,2025-09-17,enterprise
C00633,Demo Contact 0633,contact0633@example.test,GB,2025-10-18,basic
C00634,Demo Contact 0634,contact0634@example.test,CN,2025-11-19,pro
C00635,Demo Contact 0635,contact0635@example.test,AE,2025-12-20,enterprise
C00636,Demo Contact 0636,contact0636@example.test,US,2025-01-21,basic
C00637,Demo Contact 0637,contact0637@example.test,GB,2025-02-22,pro
C00638,Demo Contact 0638,contact0638@example.test,CN,2025-03-23,enterprise
C00639,Demo Contact 0639,contact0639@example.test,AE,2025-04-24,basic
C00640,Demo Contact 0640,contact0640@example.test,US,2025-05-25,pro
C00641,Demo Contact 0641,contact0641@example.test,GB,2025-06-26,enterprise
C00642,Demo Contact 0642,contact0642@example.test,CN,2025-07-27,basic
C00643,Demo Contact 0643,contact0643@example.test,AE,2025-08-28,pro
C00644,Demo Contact 0644,contact0644@example.test,US,2025-09-01,enterprise
C00645,Demo Contact 0645,contact0645@example.test,GB,2025-10-02,basic
C00646,Demo Contact 0646,contact0646@example.test,CN,2025-11-03,pro
C00647,Demo Contact 0647,contact0647@example.test,AE,2025-12-04,enterprise
C00648,Demo Contact 0648,contact0648@example.test,US,2025-01-05,basic
C00649,Demo Contact 0649,contact0649@example.test,GB,2025-02-06,pro
C00650,Demo Contact 0650,contact0650@example.test,CN,2025-03-07,enterprise
C00651,Demo Contact 0651,contact0651@example.test,AE,2025-04-08,basic
C00652,Demo Contact 0652,contact0652@example.test,US,2025-05-09,pro
C00653,Demo Contact 0653,contact0653@example.test,GB,2025-06-10,enterprise
C00654,Demo Contact 0654,contact0654@example.test,CN,2025-07-11,basic
C00655,Demo Contact 0655,contact0655@example.test,AE,2025-08-12,pro
C00656,Demo Contact 0656,contact0656@example.test,US,2025-09-13,enterprise
C00657,Demo Contact 0657,contact0657@example.test,GB,2025-10-14,basic
C00658,Demo Contact 0658,contact0658@example.test,CN,2025-11-15,pro
C00659,Demo Contact 0659,contact0659@example.test,AE,2025-12-16,enterprise
C00660,Demo Contact 0660,contact0660@example.test,US,2025-01-17,basic
C00661,Demo Contact 0661,contact0661@example.test,GB,2025-02-18,pro
C00662,Demo Contact 0662,contact0662@example.test,CN,2025-03-19,enterprise
C00663,Demo Contact 0663,contact0663@example.test,AE,2025-04-20,basic
C00664,Demo Contact 0664,contact0664@example.test,US,2025-05-21,pro
C00665,Demo Contact 0665,contact0665@example.test,GB,2025-06-22,enterprise
C00666,Demo Contact 0666,contact0666@example.test,CN,2025-07-23,basic
C00667,Demo Contact 0667,contact0667@example.test,AE,2025-08-24,pro
C00668,Demo Contact 0668,contact0668@example.test,US,2025-09-25,enterprise
C00669,Demo Contact 0669,contact0669@example.test,GB,2025-10-26,basic
C00670,Demo Contact 0670,contact0670@example.test,CN,2025-11-27,pro
C00671,Demo Contact 0671,contact0671@example.test,AE,2025-12-28,enterprise
C00672,Demo Contact 0672,contact0672@example.test,US,2025-01-01,basic
C00673,Demo Contact 0673,contact0673@example.test,GB,2025-02-02,pro
C00674,Demo Contact 0674,contact0674@example.test,CN,2025-03-03,enterprise
C00675,Demo Contact 0675,contact0675@example.test,AE,2025-04-04,basic
C00676,Demo Contact 0676,contact0676@example.test,US,2025-05-05,pro
C00677,Demo Contact 0677,contact0677@example.test,GB,2025-06-06,enterprise
C00678,Demo Contact 0678,contact0678@example.test,CN,2025-07-07,basic
C00679,Demo Contact 0679,contact0679@example.test,AE,2025-08-08,pro
C00680,Demo Contact 0680,contact0680@example.test,US,2025-09-09,enterprise
C00681,Demo Contact 0681,contact0681@example.test,GB,2025-10-10,basic
C00682,Demo Contact 0682,contact0682@example.test,CN,2025-11-11,pro
C00683,Demo Contact 0683,contact0683@example.test,AE,2025-12-12,enterprise
C00684,Demo Contact 0684,contact0684@example.test,US,2025-01-13,basic
C00685,Demo Contact 0685,contact0685@example.test,GB,2025-02-14,pro
C00686,Demo Contact 0686,contact0686@example.test,CN,2025-03-15,enterprise
C00687,Demo Contact 0687,contact0687@example.test,AE,2025-04-16,basic
C00688,Demo Contact 0688,contact0688@example.test,US,2025-05-17,pro
C00689,Demo Contact 0689,contact0689@example.test,GB,2025-06-18,enterprise
C00690,Demo Contact 0690,contact0690@example.test,CN,2025-07-19,basic
C00691,Demo Contact 0691,contact0691@example.test,AE,2025-08-20,pro
C00692,Demo Contact 0692,contact0692@example.test,US,2025-09-21,enterprise
C00693,Demo Contact 0693,contact0693@example.test,GB,2025-10-22,basic
C00694,Demo Contact 0694,contact0694@example.test,CN,2025-11-23,pro
C00695,Demo Contact 0695,contact0695@example.test,AE,2025-12-24,enterprise
C00696,Demo Contact 0696,contact0696@example.test,US,2025-01-25,basic
C00697,Demo Contact 0697,contact0697@example.test,GB,2025-02-26,pro
C00698,Demo Contact 0698,contact0698@example.test,CN,2025-03-27,enterprise
C00699,Demo Contact 0699,contact0699@example.test,AE,2025-04-28,basic
C00700,Demo Contact 0700,contact0700@example.test,US,2025-05-01,pro
C00701,Demo Contact 0701,contact0701@example.test,GB,2025-06-02,enterprise
C00702,Demo Contact 0702,contact0702@example.test,CN,2025-07-03,basic
C00703,Demo Contact 0703,contact0703@example.test,AE,2025-08-04,pro
C00704,Demo Contact 0704,contact0704@example.test,US,2025-09-05,enterprise
C00705,Demo Contact 0705,contact0705@example.test,GB,2025-10-06,basic
C00706,Demo Contact 0706,contact0706@example.test,CN,2025-11-07,pro
C00707,Demo Contact 0707,contact0707@example.test,AE,2025-12-08,enterprise
C00708,Demo Contact 0708,contact0708@example.test,US,2025-01-09,basic
C00709,Demo Contact 0709,contact0709@example.test,GB,2025-02-10,pro
C00710,Demo Contact 0710,contact0710@example.test,CN,2025-03-11,enterprise
C00711,Demo Contact 0711,contact0711@example.test,AE,2025-04-12,basic
C00712,Demo Contact 0712,contact0712@example.test,US,2025-05-13,pro
C00713,Demo Contact 0713,contact0713@example.test,GB,2025-06-14,enterprise
C00714,Demo Contact 0714,contact0714@example.test,CN,2025-07-15,basic
C00715,Demo Contact 0715,contact0715@example.test,AE,2025-08-16,pro
C00716,Demo Contact 0716,contact0716@example.test,US,2025-09-17,enterprise
C00717,Demo Contact 0717,contact0717@example.test,GB,2025-10-18,basic
C00718,Demo Contact 0718,contact0718@example.test,CN,2025-11-19,pro
C00719,Demo Contact 0719,contact0719@example.test,AE,2025-12-20,enterprise
C00720,Demo Contact 0720,contact0720@example.test,US,2025-01-21,basic
C00721,Demo Contact 0721,contact0721@example.test,GB,2025-02-22,pro
C00722,Demo Contact 0722,contact0722@example.test,CN,2025-03-23,enterprise
C00723,Demo Contact 0723,contact0723@example.test,AE,2025-04-24,basic
C00724,Demo Contact 0724,contact0724@example.test,US,2025-05-25,pro
C00725,Demo Contact 0725,contact0725@example.test,GB,2025-06-26,enterprise
C00726,Demo Contact 0726,contact0726@example.test,CN,2025-07-27,basic
C00727,Demo Contact 0727,contact0727@example.test,AE,2025-08-28,pro
C00728,Demo Contact 0728,contact0728@example.test,US,2025-09-01,enterprise
C00729,Demo Contact 0729,contact0729@example.test,GB,2025-10-02,basic
C00730,Demo Contact 0730,contact0730@example.test,CN,2025-11-03,pro
C00731,Demo Contact 0731,contact0731@example.test,AE,2025-12-04,enterprise
C00732,Demo Contact 0732,contact0732@example.test,US,2025-01-05,basic
C00733,Demo Contact 0733,contact0733@example.test,GB,2025-02-06,pro
C00734,Demo Contact 0734,contact0734@example.test,CN,2025-03-07,enterprise
C00735,Demo Contact 0735,contact0735@example.test,AE,2025-04-08,basic
C00736,Demo Contact 0736,contact0736@example.test,US,2025-05-09,pro
C00737,Demo Contact 0737,contact0737@example.test,GB,2025-06-10,enterprise
C00738,Demo Contact 0738,contact0738@example.test,CN,2025-07-11,basic
C00739,Demo Contact 0739,contact0739@example.test,AE,2025-08-12,pro
C00740,Demo Contact 0740,contact0740@example.test,US,2025-09-13,enterprise
C00741,Demo Contact 0741,contact0741@example.test,GB,2025-10-14,basic
C00742,Demo Contact 0742,contact0742@example.test,CN,2025-11-15,pro
C00743,Demo Contact 0743,contact0743@example.test,AE,2025-12-16,enterprise
C00744,Demo Contact 0744,contact0744@example.test,US,2025-01-17,basic
C00745,Demo Contact 0745,contact0745@example.test,GB,2025-02-18,pro
C00746,Demo Contact 0746,contact0746@example.test,CN,2025-03-19,enterprise
C00747,Demo Contact 0747,contact0747@example.test,AE,2025-04-20,basic
C00748,Demo Contact 0748,contact0748@example.test,US,2025-05-21,pro
C00749,Demo Contact 0749,contact0749@example.test,GB,2025-06-22,enterprise
C00750,Demo Contact 0750,contact0750@example.test,CN,2025-07-23,basic
C00751,Demo Contact 0751,contact0751@example.test,AE,2025-08-24,pro
C00752,Demo Contact 0752,contact0752@example.test,US,2025-09-25,enterprise
C00753,Demo Contact 0753,contact0753@example.test,GB,2025-10-26,basic
C00754,Demo Contact 0754,contact0754@example.test,CN,2025-11-27,pro
C00755,Demo Contact 0755,contact0755@example.test,AE,2025-12-28,enterprise
C00756,Demo Contact 0756,contact0756@example.test,US,2025-01-01,basic
C00757,Demo Contact 0757,contact0757@example.test,GB,2025-02-02,pro
C00758,Demo Contact 0758,contact0758@example.test,CN,2025-03-03,enterprise
C00759,Demo Contact 0759,contact0759@example.test,AE,2025-04-04,basic
C00760,Demo Contact 0760,contact0760@example.test,US,2025-05-05,pro
C00761,Demo Contact 0761,contact0761@example.test,GB,2025-06-06,enterprise
C00762,Demo Contact 0762,contact0762@example.test,CN,2025-07-07,basic
C00763,Demo Contact 0763,contact0763@example.test,AE,2025-08-08,pro
C00764,Demo Contact 0764,contact0764@example.test,US,2025-09-09,enterprise
C00765,Demo Contact 0765,contact0765@example.test,GB,2025-10-10,basic
C00766,Demo Contact 0766,contact0766@example.test,CN,2025-11-11,pro
C00767,Demo Contact 0767,contact0767@example.test,AE,2025-12-12,enterprise
C00768,Demo Contact 0768,contact0768@example.test,US,2025-01-13,basic
C00769,Demo Contact 0769,contact0769@example.test,GB,2025-02-14,pro
C00770,Demo Contact 0770,contact0770@example.test,CN,2025-03-15,enterprise
C00771,Demo Contact 0771,contact0771@example.test,AE,2025-04-16,basic
C00772,Demo Contact 0772,contact0772@example.test,US,2025-05-17,pro
C00773,Demo Contact 0773,contact0773@example.test,GB,2025-06-18,enterprise
C00774,Demo Contact 0774,contact0774@example.test,CN,2025-07-19,basic
C00775,Demo Contact 0775,contact0775@example.test,AE,2025-08-20,pro
C00776,Demo Contact 0776,contact0776@example.test,US,2025-09-21,enterprise
C00777,Demo Contact 0777,contact0777@example.test,GB,2025-10-22,basic
C00778,Demo Contact 0778,contact0778@example.test,CN,2025-11-23,pro
C00779,Demo Contact 0779,contact0779@example.test,AE,2025-12-24,enterprise
C00780,Demo Contact 0780,contact0780@example.test,US,2025-01-25,basic
C00781,Demo Contact 0781,contact0781@example.test,GB,2025-02-26,pro
C00782,Demo Contact 0782,contact0782@example.test,CN,2025-03-27,enterprise
C00783,Demo Contact 0783,contact0783@example.test,AE,2025-04-28,basic
C00784,Demo Contact 0784,contact0784@example.test,US,2025-05-01,pro
C00785,Demo Contact 0785,contact0785@example.test,GB,2025-06-02,enterprise
C00786,Demo Contact 0786,contact0786@example.test,CN,2025-07-03,basic
C00787,Demo Contact 0787,contact0787@example.test,AE,2025-08-04,pro
C00788,Demo Contact 0788,contact0788@example.test,US,2025-09-05,enterprise
C00789,Demo Contact 0789,contact0789@example.test,GB,2025-10-06,basic
C00790,Demo Contact 0790,contact0790@example.test,CN,2025-11-07,pro
C00791,Demo Contact 0791,contact0791@example.test,AE,2025-12-08,enterprise
C00792,Demo Contact 0792,contact0792@example.test,US,2025-01-09,basic
C00793,Demo Contact 0793,contact0793@example.test,GB,2025-02-10,pro
C00794,Demo Contact 0794,contact0794@example.test,CN,2025-03-11,enterprise
C00795,Demo Contact 0795,contact0795@example.test,AE,2025-04-12,basic
C00796,Demo Contact 0796,contact0796@example.test,US,2025-05-13,pro
C00797,Demo Contact 0797,contact0797@example.test,GB,2025-06-14,enterprise
C00798,Demo Contact 0798,contact0798@example.test,CN,2025-07-15,basic
C00799,Demo Contact 0799,contact0799@example.test,AE,2025-08-16,pro
C00800,Demo Contact 0800,contact0800@example.test,US,2025-09-17,enterprise
C00801,Demo Contact 0801,contact0801@example.test,GB,2025-10-18,basic
C00802,Demo Contact 0802,contact0802@example.test,CN,2025-11-19,pro
C00803,Demo Contact 0803,contact0803@example.test,AE,2025-12-20,enterprise
C00804,Demo Contact 0804,contact0804@example.test,US,2025-01-21,basic
C00805,Demo Contact 0805,contact0805@example.test,GB,2025-02-22,pro
C00806,Demo Contact 0806,contact0806@example.test,CN,2025-03-23,enterprise
C00807,Demo Contact 0807,contact0807@example.test,AE,2025-04-24,basic
C00808,Demo Contact 0808,contact0808@example.test,US,2025-05-25,pro
C00809,Demo Contact 0809,contact0809@example.test,GB,2025-06-26,enterprise
C00810,Demo Contact 0810,contact0810@example.test,CN,2025-07-27,basic
C00811,Demo Contact 0811,contact0811@example.test,AE,2025-08-28,pro
C00812,Demo Contact 0812,contact0812@example.test,US,2025-09-01,enterprise
C00813,Demo Contact 0813,contact0813@example.test,GB,2025-10-02,basic
C00814,Demo Contact 0814,contact0814@example.test,CN,2025-11-03,pro
C00815,Demo Contact 0815,contact0815@example.test,AE,2025-12-04,enterprise
C00816,Demo Contact 0816,contact0816@example.test,US,2025-01-05,basic
C00817,Demo Contact 0817,contact0817@example.test,GB,2025-02-06,pro
C00818,Demo Contact 0818,contact0818@example.test,CN,2025-03-07,enterprise
C00819,Demo Contact 0819,contact0819@example.test,AE,2025-04-08,basic
C00820,Demo Contact 0820,contact0820@example.test,US,2025-05-09,pro
C00821,Demo Contact 0821,contact0821@example.test,GB,2025-06-10,enterprise
C00822,Demo Contact 0822,contact0822@example.test,CN,2025-07-11,basic
C00823,Demo Contact 0823,contact0823@example.test,AE,2025-08-12,pro
C00824,Demo Contact 0824,contact0824@example.test,US,2025-09-13,enterprise
C00825,Demo Contact 0825,contact0825@example.test,GB,2025-10-14,basic
C00826,Demo Contact 0826,contact0826@example.test,CN,2025-11-15,pro
C00827,Demo Contact 0827,contact0827@example.test,AE,2025-12-16,enterprise
C00828,Demo Contact 0828,contact0828@example.test,US,2025-01-17,basic
C00829,Demo Contact 0829,contact0829@example.test,GB,2025-02-18,pro
C00830,Demo Contact 0830,contact0830@example.test,CN,2025-03-19,enterprise
C00831,Demo Contact 0831,contact0831@example.test,AE,2025-04-20,basic
C00832,Demo Contact 0832,contact0832@example.test,US,2025-05-21,pro
C00833,Demo Contact 0833,contact0833@example.test,GB,2025-06-22,enterprise
C00834,Demo Contact 0834,contact0834@example.test,CN,2025-07-23,basic
C00835,Demo Contact 0835,contact0835@example.test,AE,2025-08-24,pro
C00836,Demo Contact 0836,contact0836@example.test,US,2025-09-25,enterprise
C00837,Demo Contact 0837,contact0837@example.test,GB,2025-10-26,basic
C00838,Demo Contact 0838,contact0838@example.test,CN,2025-11-27,pro
C00839,Demo Contact 0839,contact0839@example.test,AE,2025-12-28,enterprise
C00840,Demo Contact 0840,contact0840@example.test,US,2025-01-01,basic
C00841,Demo Contact 0841,contact0841@example.test,GB,2025-02-02,pro
C00842,Demo Contact 0842,contact0842@example.test,CN,2025-03-03,enterprise
C00843,Demo Contact 0843,contact0843@example.test,AE,2025-04-04,basic
C00844,Demo Contact 0844,contact0844@example.test,US,2025-05-05,pro
C00845,Demo Contact 0845,contact0845@example.test,GB,2025-06-06,enterprise
C00846,Demo Contact 0846,contact0846@example.test,CN,2025-07-07,basic
C00847,Demo Contact 0847,contact0847@example.test,AE,2025-08-08,pro
C00848,Demo Contact 0848,contact0848@example.test,US,2025-09-09,enterprise
C00849,Demo Contact 0849,contact0849@example.test,GB,2025-10-10,basic
C00850,Demo Contact 0850,contact0850@example.test,CN,2025-11-11,pro
C00851,Demo Contact 0851,contact0851@example.test,AE,2025-12-12,enterprise
C00852,Demo Contact 0852,contact0852@example.test,US,2025-01-13,basic
C00853,Demo Contact 0853,contact0853@example.test,GB,2025-02-14,pro
C00854,Demo Contact 0854,contact0854@example.test,CN,2025-03-15,enterprise
C00855,Demo Contact 0855,contact0855@example.test,AE,2025-04-16,basic
C00856,Demo Contact 0856,contact0856@example.test,US,2025-05-17,pro
C00857,Demo Contact 0857,contact0857@example.test,GB,2025-06-18,enterprise
C00858,Demo Contact 0858,contact0858@example.test,CN,2025-07-19,basic
C00859,Demo Contact 0859,contact0859@example.test,AE,2025-08-20,pro
C00860,Demo Contact 0860,contact0860@example.test,US,2025-09-21,enterprise
C00861,Demo Contact 0861,contact0861@example.test,GB,2025-10-22,basic
C00862,Demo Contact 0862,contact0862@example.test,CN,2025-11-23,pro
C00863,Demo Contact 0863,contact0863@example.test,AE,2025-12-24,enterprise
C00864,Demo Contact 0864,contact0864@example.test,US,2025-01-25,basic
C00865,Demo Contact 0865,contact0865@example.test,GB,2025-02-26,pro
C00866,Demo Contact 0866,contact0866@example.test,CN,2025-03-27,enterprise
C00867,Demo Contact 0867,contact0867@example.test,AE,2025-04-28,basic
C00868,Demo Contact 0868,contact0868@example.test,US,2025-05-01,pro
C00869,Demo Contact 0869,contact0869@example.test,GB,2025-06-02,enterprise
C00870,Demo Contact 0870,contact0870@example.test,CN,2025-07-03,basic
C00871,Demo Contact 0871,contact0871@example.test,AE,2025-08-04,pro
C00872,Demo Contact 0872,contact0872@example.test,US,2025-09-05,enterprise
C00873,Demo Contact 0873,contact0873@example.test,GB,2025-10-06,basic
C00874,Demo Contact 0874,contact0874@example.test,CN,2025-11-07,pro
C00875,Demo Contact 0875,contact0875@example.test,AE,2025-12-08,enterprise
C00876,Demo Contact 0876,contact0876@example.test,US,2025-01-09,basic
C00877,Demo Contact 0877,contact0877@example.test,GB,2025-02-10,pro
C00878,Demo Contact 0878,contact0878@example.test,CN,2025-03-11,enterprise
C00879,Demo Contact 0879,contact0879@example.test,AE,2025-04-12,basic
C00880,Demo Contact 0880,contact0880@example.test,US,2025-05-13,pro
C00881,Demo Contact 0881,contact0881@example.test,GB,2025-06-14,enterprise
C00882,Demo Contact 0882,contact0882@example.test,CN,2025-07-15,basic
C00883,Demo Contact 0883,contact0883@example.test,AE,2025-08-16,pro
C00884,Demo Contact 0884,contact0884@example.test,US,2025-09-17,enterprise
C00885,Demo Contact 0885,contact0885@example.test,GB,2025-10-18,basic
C00886,Demo Contact 0886,contact0886@example.test,CN,2025-11-19,pro
C00887,Demo Contact 0887,contact0887@example.test,AE,2025-12-20,enterprise
C00888,Demo Contact 0888,contact0888@example.test,US,2025-01-21,basic
C00889,Demo Contact 0889,contact0889@example.test,GB,2025-02-22,pro
C00890,Demo Contact 0890,contact0890@example.test,CN,2025-03-23,enterprise
C00891,Demo Contact 0891,contact0891@example.test,AE,2025-04-24,basic
C00892,Demo Contact 0892,contact0892@example.test,US,2025-05-25,pro
C00893,Demo Contact 0893,contact0893@example.test,GB,2025-06-26,enterprise
C00894,Demo Contact 0894,contact0894@example.test,CN,2025-07-27,basic
C00895,Demo Contact 0895,contact0895@example.test,AE,2025-08-28,pro
C00896,Demo Contact 0896,contact0896@example.test,US,2025-09-01,enterprise
C00897,Demo Contact 0897,contact0897@example.test,GB,2025-10-02,basic
C00898,Demo Contact 0898,contact0898@example.test,CN,2025-11-03,pro
C00899,Demo Contact 0899,contact0899@example.test,AE,2025-12-04,enterprise
C00900,Demo Contact 0900,contact0900@example.test,US,2025-01-05,basic
C00901,Demo Contact 0901,contact0901@example.test,GB,2025-02-06,pro
C00902,Demo Contact 0902,contact0902@example.test,CN,2025-03-07,enterprise
C00903,Demo Contact 0903,contact0903@example.test,AE,2025-04-08,basic
C00904,Demo Contact 0904,contact0904@example.test,US,2025-05-09,pro
C00905,Demo Contact 0905,contact0905@example.test,GB,2025-06-10,enterprise
C00906,Demo Contact 0906,contact0906@example.test,CN,2025-07-11,basic
C00907,Demo Contact 0907,contact0907@example.test,AE,2025-08-12,pro
C00908,Demo Contact 0908,contact0908@example.test,US,2025-09-13,enterprise
C00909,Demo Contact 0909,contact0909@example.test,GB,2025-10-14,basic
C00910,Demo Contact 0910,contact0910@example.test,CN,2025-11-15,pro
C00911,Demo Contact 0911,contact0911@example.test,AE,2025-12-16,enterprise
C00912,Demo Contact 0912,contact0912@example.test,US,2025-01-17,basic
C00913,Demo Contact 0913,contact0913@example.test,GB,2025-02-18,pro
C00914,Demo Contact 0914,contact0914@example.test,CN,2025-03-19,enterprise
C00915,Demo Contact 0915,contact0915@example.test,AE,2025-04-20,basic
C00916,Demo Contact 0916,contact0916@example.test,US,2025-05-21,pro
C00917,Demo Contact 0917,contact0917@example.test,GB,2025-06-22,enterprise
C00918,Demo Contact 0918,contact0918@example.test,CN,2025-07-23,basic
C00919,Demo Contact 0919,contact0919@example.test,AE,2025-08-24,pro
C00920,Demo Contact 0920,contact0920@example.test,US,2025-09-25,enterprise
C00921,Demo Contact 0921,contact0921@example.test,GB,2025-10-26,basic
C00922,Demo Contact 0922,contact0922@example.test,CN,2025-11-27,pro
C00923,Demo Contact 0923,contact0923@example.test,AE,2025-12-28,enterprise
C00924,Demo Contact 0924,contact0924@example.test,US,2025-01-01,basic
C00925,Demo Contact 0925,contact0925@example.test,GB,2025-02-02,pro
C00926,Demo Contact 0926,contact0926@example.test,CN,2025-03-03,enterprise
C00927,Demo Contact 0927,contact0927@example.test,AE,2025-04-04,basic
C00928,Demo Contact 0928,contact0928@example.test,US,2025-05-05,pro
C00929,Demo Contact 0929,contact0929@example.test,GB,2025-06-06,enterprise
C00930,Demo Contact 0930,contact0930@example.test,CN,2025-07-07,basic
C00931,Demo Contact 0931,contact0931@example.test,AE,2025-08-08,pro
C00932,Demo Contact 0932,contact0932@example.test,US,2025-09-09,enterprise
C00933,Demo Contact 0933,contact0933@example.test,GB,2025-10-10,basic
C00934,Demo Contact 0934,contact0934@example.test,CN,2025-11-11,pro
C00935,Demo Contact 0935,contact0935@example.test,AE,2025-12-12,enterprise
C00936,Demo Contact 0936,contact0936@example.test,US,2025-01-13,basic
C00937,Demo Contact 0937,contact0937@example.test,GB,2025-02-14,pro
C00938,Demo Contact 0938,contact0938@example.test,CN,2025-03-15,enterprise
C00939,Demo Contact 0939,contact0939@example.test,AE,2025-04-16,basic
C00940,Demo Contact 0940,contact0940@example.test,US,2025-05-17,pro
C00941,Demo Contact 0941,contact0941@example.test,GB,2025-06-18,enterprise
C00942,Demo Contact 0942,contact0942@example.test,CN,2025-07-19,basic
C00943,Demo Contact 0943,contact0943@example.test,AE,2025-08-20,pro
C00944,Demo Contact 0944,contact0944@example.test,US,2025-09-21,enterprise
C00945,Demo Contact 0945,contact0945@example.test,GB,2025-10-22,basic
C00946,Demo Contact 0946,contact0946@example.test,CN,2025-11-23,pro
C00947,Demo Contact 0947,contact0947@example.test,AE,2025-12-24,enterprise
C00948,Demo Contact 0948,contact0948@example.test,US,2025-01-25,basic
C00949,Demo Contact 0949,contact0949@example.test,GB,2025-02-26,pro
C00950,Demo Contact 0950,contact0950@example.test,CN,2025-03-27,enterprise
C00951,Demo Contact 0951,contact0951@example.test,AE,2025-04-28,basic
C00952,Demo Contact 0952,contact0952@example.test,US,2025-05-01,pro
C00953,Demo Contact 0953,contact0953@example.test,GB,2025-06-02,enterprise
C00954,Demo Contact 0954,contact0954@example.test,CN,2025-07-03,basic
C00955,Demo Contact 0955,contact0955@example.test,AE,2025-08-04,pro
C00956,Demo Contact 0956,contact0956@example.test,US,2025-09-05,enterprise
C00957,Demo Contact 0957,contact0957@example.test,GB,2025-10-06,basic
C00958,Demo Contact 0958,contact0958@example.test,CN,2025-11-07,pro
C00959,Demo Contact 0959,contact0959@example.test,AE,2025-12-08,enterprise
C00960,Demo Contact 0960,contact0960@example.test,US,2025-01-09,basic
C00961,Demo Contact 0961,contact0961@example.test,GB,2025-02-10,pro
C00962,Demo Contact 0962,contact0962@example.test,CN,2025-03-11,enterprise
C00963,Demo Contact 0963,contact0963@example.test,AE,2025-04-12,basic
C00964,Demo Contact 0964,contact0964@example.test,US,2025-05-13,pro
C00965,Demo Contact 0965,contact0965@example.test,GB,2025-06-14,enterprise
C00966,Demo Contact 0966,contact0966@example.test,CN,2025-07-15,basic
C00967,Demo Contact 0967,contact0967@example.test,AE,2025-08-16,pro
C00968,Demo Contact 0968,contact0968@example.test,US,2025-09-17,enterprise
C00969,Demo Contact 0969,contact0969@example.test,GB,2025-10-18,basic
C00970,Demo Contact 0970,contact0970@example.test,CN,2025-11-19,pro
C00971,Demo Contact 0971,contact0971@example.test,AE,2025-12-20,enterprise
C00972,Demo Contact 0972,contact0972@example.test,US,2025-01-21,basic
C00973,Demo Contact 0973,contact0973@example.test,GB,2025-02-22,pro
C00974,Demo Contact 0974,contact0974@example.test,CN,2025-03-23,enterprise
C00975,Demo Contact 0975,contact0975@example.test,AE,2025-04-24,basic
C00976,Demo Contact 0976,contact0976@example.test,US,2025-05-25,pro
C00977,Demo Contact 0977,contact0977@example.test,GB,2025-06-26,enterprise
C00978,Demo Contact 0978,contact0978@example.test,CN,2025-07-27,basic
C00979,Demo Contact 0979,contact0979@example.test,AE,2025-08-28,pro
C00980,Demo Contact 0980,contact0980@example.test,US,2025-09-01,enterprise
C00981,Demo Contact 0981,contact0981@example.test,GB,2025-10-02,basic
C00982,Demo Contact 0982,contact0982@example.test,CN,2025-11-03,pro
C00983,Demo Contact 0983,contact0983@example.test,AE,2025-12-04,enterprise
C00984,Demo Contact 0984,contact0984@example.test,US,2025-01-05,basic
C00985,Demo Contact 0985,contact0985@example.test,GB,2025-02-06,pro
C00986,Demo Contact 0986,contact0986@example.test,CN,2025-03-07,enterprise
C00987,Demo Contact 0987,contact0987@example.test,AE,2025-04-08,basic
C00988,Demo Contact 0988,contact0988@example.test,US,2025-05-09,pro
C00989,Demo Contact 0989,contact0989@example.test,GB,2025-06-10,enterprise
C00990,Demo Contact 0990,contact0990@example.test,CN,2025-07-11,basic
C00991,Demo Contact 0991,contact0991@example.test,AE,2025-08-12,pro
C00992,Demo Contact 0992,contact0992@example.test,US,2025-09-13,enterprise
C00993,Demo Contact 0993,contact0993@example.test,GB,2025-10-14,basic
C00994,Demo Contact 0994,contact0994@example.test,CN,2025-11-15,pro
C00995,Demo Contact 0995,contact0995@example.test,AE,2025-12-16,enterprise
C00996,Demo Contact 0996,contact0996@example.test,US,2025-01-17,basic
C00997,Demo Contact 0997,contact0997@example.test,GB,2025-02-18,pro
C00998,Demo Contact 0998,contact0998@example.test,CN,2025-03-19,enterprise
C00999,Demo Contact 0999,contact0999@example.test,AE,2025-04-20,basic
C01000,Demo Contact 1000,contact1000@example.test,US,2025-05-21,pro
